﻿id;parent_id;number;name;description;type_id;status_id;lock_id;subcounto_id;edited_date;history_list_id
1;0;0;План рахунків;План рахунків 2024;1;19;19;;;
2;1;10;Основні засоби;Усі види діяльності;2;19;19;;;
3;2;100;Інвестиційна нерухомість;Усі види діяльності;3;19;19;;;
4;2;101;Земельні ділянки;Усі види діяльності;3;19;19;;;
5;2;102;Капітальні витрати на поліпшення земель;Усі види діяльності;3;19;19;;;
6;2;103;Будинки та споруди;Усі види діяльності;3;19;19;;;
7;2;104;Машини та обладнання;Усі види діяльності;3;19;19;;;
8;2;105;Транспортні засоби;Усі види діяльності;3;19;19;;;
9;2;106;Інструменти, прилади та інвентар;Усі види діяльності;3;19;19;;;
10;2;107;Тварини;Усі види діяльності;3;19;19;;;
11;2;108;Багаторічні насадження;Усі види діяльності;3;19;19;;;
12;2;109;Інші основні засоби;Усі види діяльності;3;19;19;;;
13;1;11;Інші необоротні матеріальні активи;Усі види діяльності;2;19;19;;;
14;13;111;Бібліотечні фонди;Усі види діяльності;3;19;19;;;
15;13;112;Малоцінні необоротні матеріальні активи;Усі види діяльності;3;19;19;;;
16;13;113;Тимчасові (нетитульні) споруди;Усі види діяльності;3;19;19;;;
17;13;114;Природні ресурси;Усі види діяльності;3;19;19;;;
18;13;115;Інвентарна тара;Усі види діяльності;3;19;19;;;
19;13;116;Предмети прокату;Усі види діяльності;3;19;19;;;
20;13;117;Інші необоротні матеріальні активи;Усі види діяльності;3;19;19;;;
21;1;12;Нематеріальні активи;Усі види діяльності;2;19;19;;;
22;21;121;Права користування природними ресурсами;Усі види діяльності;3;19;19;;;
23;21;122;Права користування майном;Усі види діяльності;3;19;19;;;
24;21;123;Права на комерційні позначення;Усі види діяльності;3;19;19;;;
25;21;124;Права на об’єкти промислової власності;Усі види діяльності;3;19;19;;;
26;21;125;Авторське право та суміжні з ним права;Усі види діяльності;3;19;19;;;
27;21;127;Інші нематеріальні активи;Усі види діяльності;3;19;19;;;
28;1;13;Знос (амортизація) необоротних активів;Усі види діяльності;2;19;19;;;
29;28;131;Знос основних засобів;Усі види діяльності;3;19;19;;;
30;28;132;Знос інших необоротних матеріальних активів;Усі види діяльності;3;19;19;;;
31;28;133;Накопичена амортизація нематеріальних активів;Усі види діяльності;3;19;19;;;
32;28;134;Накопичена амортизація довгострокових біологічних активів;Усі види діяльності;3;19;19;;;
33;28;135;Знос інвестиційної нерухомості;Усі види діяльності;3;19;19;;;
34;1;14;Довгострокові фінансові інвестиції;Усі види діяльності;2;19;19;;;
35;34;141;Інвестиції пов’язаним сторонам за методом обліку участі в капіталі;Усі види діяльності;3;19;19;;;
36;34;142;Інші інвестиції пов’язаним сторонам;Усі види діяльності;3;19;19;;;
37;34;143;Інвестиції непов’язаним сторонам;Усі види діяльності;3;19;19;;;
38;1;15;Капітальні інвестиції;Усі види діяльності;2;19;19;;;
39;38;151;Капітальне будівництво;Усі види діяльності;3;19;19;;;
40;38;152;Придбання (виготовлення) основних засобів;Усі види діяльності;3;19;19;;;
41;38;153;Придбання (виготовлення) інших необоротних матеріальних активів;Усі види діяльності;3;19;19;;;
42;38;154;Придбання (створення) нематеріальних активів;Усі види діяльності;3;19;19;;;
43;38;155;Придбання (вирощування) довгострокових біологічних активів;Усі види діяльності;3;19;19;;;
44;1;16;Довгострокові біологічні активи;Сільськогосподарські підприємства, підприємства інших галузей, що здійснюють сільськогосподарську діяльність;2;19;19;;;
45;44;161;Довгострокові біологічні активи рослинництва, які оцінені за справедливою вартістю;Сільськогосподарські підприємства, підприємства інших галузей, що здійснюють сільськогосподарську діяльність;3;19;19;;;
46;44;162;Довгострокові біологічні активи рослинництва, які оцінені за первісною вартістю;Сільськогосподарські підприємства, підприємства інших галузей, що здійснюють сільськогосподарську діяльність;3;19;19;;;
47;44;163;Довгострокові біологічні активи тваринництва, які оцінені за справедливою вартістю;Сільськогосподарські підприємства, підприємства інших галузей, що здійснюють сільськогосподарську діяльність;3;19;19;;;
48;44;164;Довгострокові біологічні активи тваринництва, які оцінені за первісною вартістю;Сільськогосподарські підприємства, підприємства інших галузей, що здійснюють сільськогосподарську діяльність;3;19;19;;;
49;44;165;Незрілі довгострокові біологічні активи, які оцінюються за справедливою вартістю;Сільськогосподарські підприємства, підприємства інших галузей, що здійснюють сільськогосподарську діяльність;3;19;19;;;
50;44;166;Незрілі довгострокові біологічні активи, які оцінюються за первісною вартістю;Сільськогосподарські підприємства, підприємства інших галузей, що здійснюють сільськогосподарську діяльність;3;19;19;;;
51;1;17;Відстрочені податкові активи;Усі види діяльності;2;19;19;;;
52;1;18;Довгострокова дебіторська заборгованість та інші необоротні активи;Усі види діяльності;2;19;19;;;
53;52;181;Заборгованість за майно, що передано у фінансову оренду;Усі види діяльності;3;19;19;;;
54;52;182;Довгострокові векселі одержані;Усі види діяльності;3;19;19;;;
55;52;183;Інша дебіторська заборгованість;Усі види діяльності;3;19;19;;;
56;52;184;Інші необоротні активи;Усі види діяльності;3;19;19;;;
57;1;19;Гудвіл;Усі види діяльності;2;19;19;;;
58;57;191;Гудвіл при придбанні;Усі види діяльності;3;19;19;;;
59;57;193;Гудвіл при приватизації (корпоратизації);Усі види діяльності;3;19;19;;;
60;1;20;Виробничі запаси;Усі види діяльності;2;19;19;;;
61;60;201;Сировина й матеріали;Усі види діяльності;3;19;19;;;
62;60;202;Купівельні напівфабрикати та комплектуючі вироби;Усі види діяльності;3;19;19;;;
63;60;203;Паливо;Усі види діяльності;3;19;19;;;
64;60;204;Тара й тарні матеріали;Усі види діяльності;3;19;19;;;
65;60;205;Будівельні матеріали;Усі види діяльності;3;19;19;;;
66;60;206;Матеріали, передані в переробку;Усі види діяльності;3;19;19;;;
67;60;207;Запасні частини;Усі види діяльності;3;19;19;;;
68;60;208;Матеріали сільськогосподарського призначення;Усі види діяльності;3;19;19;;;
69;60;209;Інші матеріали;Усі види діяльності;3;19;19;;;
70;1;21;Поточні біологічні активи;Сільськогосподарські підприємства, підприємства інших галузей, що здійснюють cільськогосподарську діяльність;2;19;19;;;
71;70;211;Поточні біологічні активи рослинництва, які оцінені за справедливою вартістю;Сільськогосподарські підприємства, підприємства інших галузей, що здійснюють cільськогосподарську діяльність;3;19;19;;;
72;70;212;Поточні біологічні активи тваринництва, які оцінені за справедливою вартістю;Сільськогосподарські підприємства, підприємства інших галузей, що здійснюють cільськогосподарську діяльність;3;19;19;;;
73;70;213;Поточні біологічні активи тваринництва, які оцінені за первісною вартістю;Сільськогосподарські підприємства, підприємства інших галузей, що здійснюють cільськогосподарську діяльність;3;19;19;;;
74;1;22;Малоцінні та швидкозношувані предмети;Усі види діяльності;2;19;19;;;
75;1;23;Виробництво1;Усі види діяльності;2;19;19;;;
76;1;24;Брак у виробництві;Галузі матеріального виробництва;2;19;19;;;
77;1;25;Напівфабрикати;Промисловість;2;19;19;;;
78;1;26;Готова продукція;Промисловість, сільське господарство та ін.;2;19;19;;;
79;1;27;Продукція сільськогосподарського виробництва;Сільське господарство, підприємства інших галузей із підсобним cільськогосподарським виробництвом;2;19;19;;;
80;1;28;Товари;Усі види діяльності;2;19;19;;;
81;80;281;Товари на складі;Усі види діяльності;3;19;19;;;
82;80;282;Товари в торгівлі;Усі види діяльності;3;19;19;;;
83;80;283;Товари на комісії;Усі види діяльності;3;19;19;;;
84;80;284;Тара під товарами;Усі види діяльності;3;19;19;;;
85;80;285;Торгова націнка;Усі види діяльності;3;19;19;;;
86;80;286;Необоротні активи та групи вибуття, утримувані для продажу;Усі види діяльності;3;19;19;;;
87;1;30;Готівка;Усі види діяльності;2;19;19;;;
88;87;301;Готівка в національній валюті;Усі види діяльності;3;19;19;;;
89;87;302;Готівка в іноземній валюті;Усі види діяльності;3;19;19;;;
90;1;31;Рахунки в банках;Усі види діяльності;2;19;19;;;
91;90;311;Поточні рахунки в національній валюті;Усі види діяльності;3;19;19;;;
92;90;312;Поточні рахунки в іноземній валюті;Усі види діяльності;3;19;19;;;
93;90;313;Інші рахунки в банку в національній валюті;Усі види діяльності;3;19;19;;;
94;90;314;Інші рахунки в банку в іноземній валюті;Усі види діяльності;3;19;19;;;
95;90;315;Спеціальні рахунки в національній валюті;Усі види діяльності;3;19;19;;;
96;90;316;Спеціальні рахунки в іноземній валюті;Усі види діяльності;3;19;19;;;
97;1;33;Інші кошти;Усі види діяльності;2;19;19;;;
98;97;331;Грошові документи в національній валюті;Усі види діяльності;3;19;19;;;
99;97;332;Грошові документи в іноземній валюті;Усі види діяльності;3;19;19;;;
100;97;333;Грошові кошти в дорозі в національній валюті;Усі види діяльності;3;19;19;;;
101;97;334;Грошові кошти в дорозі в іноземній валюті;Усі види діяльності;3;19;19;;;
102;97;335;Електронні гроші, номіновані в національній валюті;Усі види діяльності;3;19;19;;;
103;1;34;Короткострокові векселі одержані;Усі види діяльності;2;19;19;;;
104;103;341;Короткострокові векселі, одержані в національній валюті;Усі види діяльності;3;19;19;;;
105;103;342;Короткострокові векселі, одержані в іноземній валюті;Усі види діяльності;3;19;19;;;
106;1;35;Поточні фінансові інвестиції;Усі види діяльності;2;19;19;;;
107;106;351;Еквіваленти грошових коштів;Усі види діяльності;3;19;19;;;
108;106;352;Інші поточні фінансові інвестиції;Усі види діяльності;3;19;19;;;
109;1;36;Розрахунки з покупцями та замовниками;Усі види діяльності;2;19;19;;;
110;109;361;Розрахунки з вітчизняними покупцями;Усі види діяльності;3;19;19;;;
111;109;362;Розрахунки з іноземними покупцями;Усі види діяльності;3;19;19;;;
112;109;363;Розрахунки з учасниками ПФГ;Усі види діяльності;3;19;19;;;
113;109;364;Розрахунки за гарантійним забезпеченням;Усі види діяльності;3;19;19;;;
114;1;37;Розрахунки з різними дебіторами;Усі види діяльності;2;19;19;;;
115;114;371;Розрахунки за виданими авансами;Усі види діяльності;3;19;19;;;
116;114;372;Розрахунки з підзвітними особами;Усі види діяльності;3;19;19;;;
117;114;373;Розрахунки за нарахованими доходами;Усі види діяльності;3;19;19;;;
118;114;374;Розрахунки за претензіями;Усі види діяльності;3;19;19;;;
119;114;375;Розрахунки за відшкодуванням завданих збитків;Усі види діяльності;3;19;19;;;
120;114;376;Розрахунки за позиками членам кредитних спілок;Усі види діяльності;3;19;19;;;
121;114;377;Розрахунки з іншими дебіторами;Усі види діяльності;3;19;19;;;
122;114;378;Розрахунки з державними цільовими фондами;Усі види діяльності;3;19;19;;;
123;114;379;Розрахунки за операціями з деривативами;Усі види діяльності;3;19;19;;;
124;1;38;Резерв сумнівних боргів;Усі види діяльності;2;19;19;;;
125;1;39;Витрати майбутніх періодів;Усі види діяльності;2;19;19;;;
126;1;40;Зареєстрований (пайовий) капітал;Усі види діяльності;2;19;19;;;
127;126;401;Статутний капітал;Усі види діяльності;3;19;19;;;
128;126;402;Пайовий капітал;Усі види діяльності;3;19;19;;;
129;126;403;Інший зареєстрований капітал;Усі види діяльності;3;19;19;;;
130;126;404;Внески до незареєстрованого статутного капіталу;Усі види діяльності;3;19;19;;;
131;1;41;Капітал у дооцінках;Усі види діяльності;2;19;19;;;
132;131;411;Дооцінка (уцінка) основних засобів;Усі види діяльності;3;19;19;;;
133;131;412;Дооцінка (уцінка) нематеріальних активів;Усі види діяльності;3;19;19;;;
134;131;413;Дооцінка (уцінка) фінансових інструментів;Усі види діяльності;3;19;19;;;
135;131;414;Інший капітал у дооцінках;Усі види діяльності;3;19;19;;;
136;1;42;Додатковий капітал;Усі види діяльності;2;19;19;;;
137;136;421;Емісійний дохід;Усі види діяльності;3;19;19;;;
138;136;422;Інший вкладений капітал;Усі види діяльності;3;19;19;;;
139;136;423;Накопичені курсові різниці;Усі види діяльності;3;19;19;;;
140;136;424;Безоплатно одержані необоротні активи;Усі види діяльності;3;19;19;;;
141;136;425;Інший додатковий капітал;Усі види діяльності;3;19;19;;;
142;1;43;Резервний капітал;Усі види діяльності;2;19;19;;;
143;1;44;Нерозподілені прибутки (непокриті збитки);Усі види діяльності;2;19;19;;;
144;143;441;Прибуток нерозподілений;Усі види діяльності;3;19;19;;;
145;143;442;Непокриті збитки;Усі види діяльності;3;19;19;;;
146;143;443;Прибуток, використаний у звітному періоді;Усі види діяльності;3;19;19;;;
147;1;45;Вилучений капітал;Усі види діяльності;2;19;19;;;
148;147;451;Вилучені акції;Усі види діяльності;3;19;19;;;
149;147;452;Вилучені вклади й паї;Усі види діяльності;3;19;19;;;
150;147;453;Інший вилучений капітал;Усі види діяльності;3;19;19;;;
151;1;46;Неоплачений капітал;Усі види діяльності;2;19;19;;;
152;1;47;Забезпечення майбутніх витрат і платежів;Усі види діяльності;2;19;19;;;
153;152;471;Забезпечення виплат відпусток;Усі види діяльності;3;19;19;;;
154;152;472;Додаткове пенсійне забезпечення;Усі види діяльності;3;19;19;;;
155;152;473;Забезпечення гарантійних зобов’язань;Усі види діяльності;3;19;19;;;
156;152;474;Забезпечення інших витрат і платежів;Усі види діяльності;3;19;19;;;
157;152;475;Забезпечення призового фонду (резерв виплат);Усі види діяльності;3;19;19;;;
158;152;476;Резерв на виплату джекпоту, не забезпеченого сплатою участі у лотереї;Усі види діяльності;3;19;19;;;
159;152;477;Забезпечення матеріального заохочення;Усі види діяльності;3;19;19;;;
160;152;478;Забезпечення відновлення земельних ділянок;Усі види діяльності;3;19;19;;;
161;1;48;Цільове фінансування і цільові надходження2;Усі види діяльності;2;19;19;;;
162;161;481;Кошти, вивільнені від оподаткування;Усі види діяльності;3;19;19;;;
163;161;482;Кошти з бюджету та державних цільових фондів;Усі види діяльності;3;19;19;;;
164;161;483;Благодійна допомога;Усі види діяльності;3;19;19;;;
165;161;484;Інші кошти цільового фінансування і цільових надходжень;Усі види діяльності;3;19;19;;;
166;1;49;Страхові резерви;Усі види діяльності;2;19;19;;;
167;166;491;Технічні резерви;Усі види діяльності;3;19;19;;;
168;166;492;Резерви із страхування життя;Усі види діяльності;3;19;19;;;
169;166;493;Частка перестраховиків у технічних резервах;Усі види діяльності;3;19;19;;;
170;166;494;Частка перестраховиків у резервах із страхування життя;Усі види діяльності;3;19;19;;;
171;166;495;Результат зміни технічних резервів;Усі види діяльності;3;19;19;;;
172;166;496;Результат зміни резервів із страхування життя;Усі види діяльності;3;19;19;;;
173;1;50;Довгострокові позики;Усі види діяльності;2;19;19;;;
174;173;501;Довгострокові кредити банків у національній валюті;Усі види діяльності;3;19;19;;;
175;173;502;Довгострокові кредити банків в іноземній валюті;Усі види діяльності;3;19;19;;;
176;173;503;Відстрочені довгострокові кредити банків у національній валюті;Усі види діяльності;3;19;19;;;
177;173;504;Відстрочені довгострокові кредити банків в іноземній валюті;Усі види діяльності;3;19;19;;;
178;173;505;Інші довгострокові позики в національній валюті;Усі види діяльності;3;19;19;;;
179;173;506;Інші довгострокові позики в іноземній валюті;Усі види діяльності;3;19;19;;;
180;1;51;Довгострокові векселі видані;Усі види діяльності;2;19;19;;;
181;180;511;Довгострокові векселі, видані в національній валюті;Усі види діяльності;3;19;19;;;
182;180;512;Довгострокові векселі, видані в іноземній валюті;Усі види діяльності;3;19;19;;;
183;1;52;Довгострокові зобов’язання за облігаціями;Усі види діяльності;2;19;19;;;
184;183;521;Зобов’язання за облігаціями;Усі види діяльності;3;19;19;;;
185;183;522;Премія за випущеними облігаціями;Усі види діяльності;3;19;19;;;
186;183;523;Дисконт за випущеними облігаціями;Усі види діяльності;3;19;19;;;
187;1;53;Довгострокові зобов’язання з оренди;Усі види діяльності;2;19;19;;;
188;187;532;Зобов’язання з оренди цілісних майнових комплексів;Усі види діяльності;3;19;19;;;
189;1;54;Відстрочені податкові зобов’язання;Усі види діяльності;2;19;19;;;
190;1;55;Інші довгострокові зобов’язання;Усі види діяльності;2;19;19;;;
191;1;60;Короткострокові позики;Усі види діяльності;2;19;19;;;
192;191;601;Короткострокові кредити банків у національній валюті;Усі види діяльності;3;19;19;;;
193;191;602;Короткострокові кредити банків в іноземній валюті;Усі види діяльності;3;19;19;;;
194;191;603;Відстрочені короткострокові кредити банків у національній валюті;Усі види діяльності;3;19;19;;;
195;191;604;Відстрочені короткострокові кредити банків в іноземній валюті;Усі види діяльності;3;19;19;;;
196;191;605;Прострочені позики в національній валюті;Усі види діяльності;3;19;19;;;
197;191;606;Прострочені позики в іноземній валюті;Усі види діяльності;3;19;19;;;
198;1;61;Поточна заборгованість за довгостроковими зобов’язаннями;Усі види діяльності;2;19;19;;;
199;198;611;Поточна заборгованість за довгостроковими зобов’язаннями в національній валюті;Усі види діяльності;3;19;19;;;
200;198;612;Поточна заборгованість за довгостроковими зобов’язаннями в іноземній валюті;Усі види діяльності;3;19;19;;;
201;1;62;Короткострокові векселі видані;Усі види діяльності;2;19;19;;;
202;201;621;Короткострокові векселі, видані в національній валюті;Усі види діяльності;3;19;19;;;
203;201;622;Короткострокові векселі, видані в іноземній валюті;Усі види діяльності;3;19;19;;;
204;1;63;Розрахунки з постачальниками та підрядниками;Усі види діяльності;2;19;19;;;
205;204;631;Розрахунки з вітчизняними постачальниками;Усі види діяльності;3;19;19;;;
206;204;632;Розрахунки з іноземними постачальниками;Усі види діяльності;3;19;19;;;
207;204;633;Розрахунки з учасниками ПФГ;Усі види діяльності;3;19;19;;;
208;1;64;Розрахунки за податками й платежами;Усі види діяльності;2;19;19;;;
209;208;641;Розрахунки за податками;Усі види діяльності;3;19;19;;;
210;208;642;Розрахунки за обов’язковими платежами;Усі види діяльності;3;19;19;;;
211;208;643;Податкові зобов’язання;Усі види діяльності;3;19;19;;;
212;208;644;Податковий кредит;Усі види діяльності;3;19;19;;;
213;1;65;Розрахунки за страхування;Усі види діяльності;2;19;19;;;
214;213;651;За розрахунками із загальнообов’язкового державного соціального страхування;Усі види діяльності;3;19;19;;;
215;213;652;За соціальним страхуванням;Усі види діяльності;3;19;19;;;
216;213;654;За індивідуальним страхуванням;Усі види діяльності;3;19;19;;;
217;213;655;За страхуванням майна;Усі види діяльності;3;19;19;;;
218;1;66;Розрахунки за виплатами працівникам;Усі види діяльності;2;19;19;;;
219;218;661;Розрахунки за заробітною платою;Усі види діяльності;3;19;19;;;
220;218;662;Розрахунки з депонентами;Усі види діяльності;3;19;19;;;
221;218;663;Розрахунки за іншими виплатами;Усі види діяльності;3;19;19;;;
222;1;67;Розрахунки з учасниками;Усі види діяльності;2;19;19;;;
223;222;671;Розрахунки за нарахованими дивідендами;Усі види діяльності;3;19;19;;;
224;222;672;Розрахунки за іншими виплатами;Усі види діяльності;3;19;19;;;
225;1;68;Розрахунки за іншими операціями;Усі види діяльності;2;19;19;;;
226;225;680;Розрахунки, пов’язані з необоротними активами та групами вибуття, утримуваними для;Усі види діяльності;3;19;19;;;
227;225;681;Розрахунки за авансами одержаними;Усі види діяльності;3;19;19;;;
228;225;682;Внутрішні розрахунки;Усі види діяльності;3;19;19;;;
229;225;683;Внутрішньогосподарські розрахунки;Усі види діяльності;3;19;19;;;
230;225;684;Розрахунки за нарахованими відсотками;Усі види діяльності;3;19;19;;;
231;225;685;Розрахунки з іншими кредиторами;Усі види діяльності;3;19;19;;;
232;1;69;Доходи майбутніх періодів;Усі види діяльності;2;19;19;;;
233;1;70;Доходи від реалізації3;Усі види діяльності;2;19;19;;;
234;233;701;Дохід від реалізації готової продукції;Усі види діяльності;3;19;19;;;
235;233;702;Дохід від реалізації товарів;Усі види діяльності;3;19;19;;;
236;233;703;Дохід від реалізації робіт і послуг;Усі види діяльності;3;19;19;;;
237;233;704;Вирахування з доходу;Усі види діяльності;3;19;19;;;
238;233;705;Перестрахування;Усі види діяльності;3;19;19;;;
239;1;71;Інший операційний дохід;Усі види діяльності;2;19;19;;;
240;239;710;Дохід від первісного визнання та від зміни вартості активів, які обліковуються за;Усі види діяльності;3;19;19;;;
241;239;711;Дохід від купівліпродажу іноземної валюти;Усі види діяльності;3;19;19;;;
242;239;712;Дохід від реалізації інших оборотних активів;Усі види діяльності;3;19;19;;;
243;239;713;Дохід від операційної оренди активів;Усі види діяльності;3;19;19;;;
244;239;714;Дохід від операційної курсової різниці;Усі види діяльності;3;19;19;;;
245;239;715;Одержані штрафи, пені, неустойки;Усі види діяльності;3;19;19;;;
246;239;716;Відшкодування раніше списаних активів;Усі види діяльності;3;19;19;;;
247;239;717;Дохід від списання кредиторської заборгованості;Усі види діяльності;3;19;19;;;
248;239;718;Дохід від безоплатно одержаних оборотних активів;Усі види діяльності;3;19;19;;;
249;239;719;Інші доходи від операційної діяльності;Усі види діяльності;3;19;19;;;
250;1;72;Дохід від участі в капіталі;Усі види діяльності;2;19;19;;;
251;250;721;Дохід від інвестицій в асоційовані підприємства;Усі види діяльності;3;19;19;;;
252;250;722;Дохід від спільної діяльності;Усі види діяльності;3;19;19;;;
253;250;723;Дохід від інвестицій в дочірні підприємства;Усі види діяльності;3;19;19;;;
254;1;73;Інші фінансові доходи;Усі види діяльності;2;19;19;;;
255;254;731;Дивіденди одержані;Усі види діяльності;3;19;19;;;
256;254;732;Відсотки одержані;Усі види діяльності;3;19;19;;;
257;254;733;Інші доходи від фінансових операцій;Усі види діяльності;3;19;19;;;
258;1;74;Інші доходи;Усі види діяльності;2;19;19;;;
259;258;740;Дохід від зміни вартості фінансових інструментів;Усі види діяльності;3;19;19;;;
260;258;741;Дохід від реалізації фінансових інвестицій;Усі види діяльності;3;19;19;;;
261;258;742;Дохід від відновлення корисності активів;Усі види діяльності;3;19;19;;;
262;258;744;Дохід від неопераційної курсової різниці;Усі види діяльності;3;19;19;;;
263;258;745;Дохід від безоплатно одержаних активів;Усі види діяльності;3;19;19;;;
264;258;746;Інші доходи;Усі види діяльності;3;19;19;;;
265;1;76;Страхові платежі;Страхова діяльність;2;19;19;;;
266;1;79;Фінансові результати;Усі види діяльності;2;19;19;;;
267;266;791;Результат операційної діяльності;Усі види діяльності;3;19;19;;;
268;266;792;Результат фінансових операцій;Усі види діяльності;3;19;19;;;
269;266;793;Результат іншої діяльності;Усі види діяльності;3;19;19;;;
270;1;80;Матеріальні витрати;Усі види діяльності;2;19;19;;;
271;270;801;Витрати сировини й матеріалів;Усі види діяльності;3;19;19;;;
272;270;802;Витрати купівельних напівфабрикатів та комплектуючих виробів;Усі види діяльності;3;19;19;;;
273;270;803;Витрати палива й енергії;Усі види діяльності;3;19;19;;;
274;270;804;Витрати тари й тарних матеріалів;Усі види діяльності;3;19;19;;;
275;270;805;Витрати будівельних матеріалів;Усі види діяльності;3;19;19;;;
276;270;806;Витрати запасних частин;Усі види діяльності;3;19;19;;;
277;270;807;Витрати матеріалів сільськогосподарського призначення;Усі види діяльності;3;19;19;;;
278;270;808;Витрати товарів;Усі види діяльності;3;19;19;;;
279;270;809;Інші матеріальні витрати;Усі види діяльності;3;19;19;;;
280;1;81;Витрати на оплату праці;Усі види діяльності;2;19;19;;;
281;280;811;Виплати за окладами й тарифами;Усі види діяльності;3;19;19;;;
282;280;812;Премії та заохочення;Усі види діяльності;3;19;19;;;
283;280;813;Компенсаційні виплати;Усі види діяльності;3;19;19;;;
284;280;814;Оплата відпусток;Усі види діяльності;3;19;19;;;
285;280;815;Оплата іншого невідпрацьованого часу;Усі види діяльності;3;19;19;;;
286;280;816;Інші витрати на оплату праці;Усі види діяльності;3;19;19;;;
287;1;82;Відрахування на соціальні заходи;Усі види діяльності;2;19;19;;;
288;287;821;Відрахування на загальнообов’язкове державне соціальне страхування;Усі види діяльності;3;19;19;;;
289;287;824;Відрахування на індивідуальне страхування;Усі види діяльності;3;19;19;;;
290;1;83;Амортизація;Усі види діяльності;2;19;19;;;
291;290;831;Амортизація основних засобів;Усі види діяльності;3;19;19;;;
292;290;832;Амортизація інших необоротних матеріальних активів;Усі види діяльності;3;19;19;;;
293;290;833;Амортизація нематеріальних активів;Усі види діяльності;3;19;19;;;
294;1;84;Інші операційні витрати;Усі види діяльності;2;19;19;;;
295;1;85;Інші затрати;Усі види діяльності;2;19;19;;;
296;1;90;Собівартість реалізації;Усі види діяльності;2;19;19;;;
297;296;901;Собівартість реалізованої готової продукції;Усі види діяльності;3;19;19;;;
298;296;902;Собівартість реалізованих товарів;Усі види діяльності;3;19;19;;;
299;296;903;Собівартість реалізованих робіт і послуг;Усі види діяльності;3;19;19;;;
300;296;904;Страхові виплати;Усі види діяльності;3;19;19;;;
301;1;91;Загальновиробничі витрати;Усі види діяльності;2;19;19;;;
302;1;92;Адміністративні витрати;Усі види діяльності;2;19;19;;;
303;1;93;Витрати на збут;Усі види діяльності;2;19;19;;;
304;1;94;Інші витрати операційної діяльності;Усі види діяльності;2;19;19;;;
305;304;940;Витрати від первісного визнання та від зміни вартості активів, які обліковуються за;Усі види діяльності;3;19;19;;;
306;304;941;Витрати на дослідження і розробки;Усі види діяльності;3;19;19;;;
307;304;942;Витрати на купівлю-продаж іноземної валюти;Усі види діяльності;3;19;19;;;
308;304;943;Собівартість реалізованих виробничих запасів;Усі види діяльності;3;19;19;;;
309;304;944;Сумнівні та безнадійні борги;Усі види діяльності;3;19;19;;;
310;304;945;Втрати від операційної курсової різниці;Усі види діяльності;3;19;19;;;
311;304;946;Втрати від знецінення запасів;Усі види діяльності;3;19;19;;;
312;304;947;Нестачі і втрати від псування цінностей;Усі види діяльності;3;19;19;;;
313;304;948;Визнані штрафи, пені, неустойки;Усі види діяльності;3;19;19;;;
314;304;949;Інші витрати операційної діяльності;Усі види діяльності;3;19;19;;;
315;1;95;Фінансові витрати;Усі види діяльності;2;19;19;;;
316;315;951;Відсотки за кредит;Усі види діяльності;3;19;19;;;
317;315;952;Інші фінансові витрати;Усі види діяльності;3;19;19;;;
318;1;96;Втрати від участі в капіталі;Усі види діяльності;2;19;19;;;
319;318;961;Втрати від інвестицій в асоційовані підприємства;Усі види діяльності;3;19;19;;;
320;318;962;Втрати від спільної діяльності;Усі види діяльності;3;19;19;;;
321;318;963;Втрати від інвестицій в дочірні підприємства;Усі види діяльності;3;19;19;;;
322;1;97;Інші витрати;Усі види діяльності;2;19;19;;;
323;322;970;Витрати від зміни вартості фінансових інструментів;Усі види діяльності;3;19;19;;;
324;322;971;Собівартість реалізованих фінансових інвестицій;Усі види діяльності;3;19;19;;;
325;322;972;Втрати від зменшення корисності активів;Усі види діяльності;3;19;19;;;
326;322;974;Втрати від неопераційних курсових різниць;Усі види діяльності;3;19;19;;;
327;322;975;Уцінка необоротних активів і фінансових інвестицій;Усі види діяльності;3;19;19;;;
328;322;976;Списання необоротних активів;Усі види діяльності;3;19;19;;;
329;322;977;Інші витрати діяльності;Усі види діяльності;3;19;19;;;
330;1;98;Податок на прибуток;Усі види діяльності;2;19;19;;;
331;1;10001;Орендовані необоротні активи;Усі види діяльності;2;19;19;;;
332;1;10002;Активи на відповідальному зберіганні;Усі види діяльності;2;19;19;;;
333;332;10021;Устаткування, прийняте для монтажу;Усі види діяльності;3;19;19;;;
334;332;10022;Матеріали, прийняті для переробки;Усі види діяльності;3;19;19;;;
335;332;10023;Матеріальні цінності на відповідальному зберіганні;Усі види діяльності;3;19;19;;;
336;332;10024;Товари, прийняті на комісію;Усі види діяльності;3;19;19;;;
337;332;10025;Матеріальні цінності довірителя;Усі види діяльності;3;19;19;;;
338;1;10003;Контрактні зобов’язання;Усі види діяльності;2;19;19;;;
339;1;10004;Непередбачені активи й зобов’язання;Усі види діяльності;2;19;19;;;
340;339;10041;Непередбачені активи;Усі види діяльності;3;19;19;;;
341;339;10042;Непередбачені зобов’язання;Усі види діяльності;3;19;19;;;
342;1;10005;Гарантії та забезпечення надані;Усі види діяльності;2;19;19;;;
343;1;10006;Гарантії та забезпечення отримані;Усі види діяльності;2;19;19;;;
344;1;10007;Списані активи;Усі види діяльності;2;19;19;;;
345;344;10071;Списана дебіторська заборгованість;Усі види діяльності;3;19;19;;;
346;344;10072;Невідшкодовані нестачі і втрати від псування цінностей;Усі види діяльності;3;19;19;;;
347;1;10008;Бланки суворого обліку;Усі види діяльності;2;19;19;;;
348;1;10009;Амортизаційні відрахування;Усі види діяльності;2;19;19;;;
