root_dt;root_kt
63;40
82;65
31;95
36;30
15;28
68;19
46;22
34;60
92;64
65;70
20;39
52;74
40;15
45;40
33;50
12;37
42;60
36;85
93;68
30;85
13;91
54;64
95;50
93;26
24;25
51;46
42;21
27;20
74;42
42;28
60;64
74;52
10;42
93;33
73;60
37;21
28;92
66;64
27;94
66;65
68;91
94;51
45;46
50;45
90;79
15;20
28;11
53;60
17;64
61;64
24;20
12;85
18;11
84;92
44;40
25;93
64;35
28;84
14;96
74;69
24;94
51;42
80;37
94;47
63;42
90;21
20;74
50;14
22;84
71;79
63;52
10;48
94;36
62;36
71;49
34;94
93;83
14;73
74;53
91;64
85;35
91;65
40;45
65;62
45;42
23;39
14;50
84;63
25;23
45;52
42;48
13;11
55;42
12;40
46;67
18;73
30;60
46;11
94;28
31;18
37;48
34;70
33;60
21;80
70;34
95;60
68;92
35;73
84;50
40;14
23;65
35;50
94;25
31;90
12;46
25;37
20;26
36;42
60;35
21;68
50;85
44;42
97;68
68;84
16;97
93;31
68;63
64;91
47;94
94;20
46;50
85;22
31;31
93;23
40;30
81;91
84;51
68;73
26;71
60;61
65;68
93;66
25;24
12;42
68;50
94;81
74;64
74;65
71;48
37;39
92;22
80;79
30;94
65;97
36;48
30;48
31;55
82;91
48;68
62;71
16;15
79;74
67;64
21;15
33;94
31;66
97;15
20;27
84;47
37;34
93;37
14;28
94;16
46;51
30;70
27;80
31;92
80;21
84;36
28;28
37;65
80;28
70;68
33;70
31;67
35;36
18;28
42;10
10;74
15;95
51;64
35;60
51;65
93;30
12;48
63;64
47;39
67;74
64;92
22;28
50;60
65;15
45;34
68;51
64;67
82;23
37;10
28;25
66;91
24;80
70;33
12;53
49;71
48;15
31;63
49;70
81;92
55;64
55;65
37;74
39;64
39;65
84;25
85;11
53;10
15;68
64;63
30;39
51;74
68;47
63;74
24;68
82;92
28;20
46;28
71;34
60;45
68;36
52;63
40;60
48;98
91;90
36;34
94;62
47;10
15;41
20;23
23;27
15;33
34;68
80;94
71;64
64;50
40;21
55;74
42;68
40;28
74;35
53;95
36;64
36;65
91;13
21;23
41;10
22;94
70;18
42;26
52;73
25;42
65;93
11;28
28;71
52;50
92;84
31;40
60;14
43;44
85;50
97;14
37;26
20;92
50;94
23;90
66;92
18;70
50;48
73;68
93;79
28;16
23;91
46;20
60;84
18;16
31;51
76;36
23;13
16;37
21;37
13;94
92;50
64;51
94;80
19;68
20;63
79;90
30;95
90;26
10;18
48;66
70;31
97;30
27;93
60;50
79;44
23;23
37;19
94;68
65;37
12;74
13;16
16;85
51;61
37;27
46;16
83;91
43;67
68;71
30;68
48;37
70;66
37;18
64;36
61;50
91;84
31;42
33;68
65;30
27;23
81;47
31;52
10;13
91;63
45;19
95;68
23;92
30;33
36;35
48;30
20;40
62;61
85;36
63;22
82;47
42;13
70;37
65;85
90;27
84;62
42;44
63;90
21;40
26;22
34;31
91;50
92;47
63;91
15;66
85;28
79;92
42;31
23;63
27;37
31;69
24;66
39;22
70;63
61;51
92;60
76;70
69;70
37;31
33;15
94;83
71;27
97;79
85;25
46;62
95;15
31;53
16;46
42;55
15;37
39;91
21;46
45;44
83;92
97;46
92;28
60;36
24;37
66;47
74;67
37;23
74;11
30;18
60;60
53;31
22;80
43;40
45;31
68;62
47;93
14;68
50;95
15;30
34;37
31;71
85;20
90;31
28;68
14;97
41;13
42;37
79;73
36;90
41;44
20;42
47;31
40;10
80;26
64;71
37;92
85;17
22;68
14;41
15;85
38;94
37;67
90;23
18;97
34;30
24;85
21;42
12;18
63;92
47;23
35;68
30;93
62;45
91;47
92;20
42;30
73;37
50;68
42;63
33;93
74;50
47;66
19;14
30;31
67;73
37;63
51;84
48;21
93;64
35;41
93;65
63;84
39;92
73;30
70;49
50;33
28;15
95;31
46;68
19;37
39;11
15;40
12;13
26;84
23;47
31;64
53;30
30;55
60;94
46;97
22;15
16;48
30;66
43;42
95;23
13;41
39;84
33;66
90;63
51;50
91;82
94;37
63;50
66;81
71;67
11;68
47;63
74;51
84;22
68;97
42;40
15;46
20;71
44;67
30;37
11;97
66;71
64;62
33;37
13;15
94;30
55;50
47;24
11;41
61;71
46;15
71;63
15;21
23;82
30;30
27;42
36;63
98;79
37;51
42;46
80;93
33;30
13;83
42;12
91;81
95;30
68;15
25;27
63;51
22;93
11;15
15;42
70;69
73;79
37;12
33;85
68;22
79;82
50;93
80;23
20;64
14;14
97;34
41;40
63;47
53;12
23;81
50;31
28;14
13;93
60;62
31;35
21;64
51;36
42;52
18;14
63;36
65;39
23;71
30;40
14;37
37;42
15;48
50;55
46;45
28;37
39;47
94;79
35;14
97;10
40;44
63;28
64;97
61;62
79;81
18;37
36;51
74;20
73;52
41;12
93;27
22;37
53;42
14;30
79;71
85;68
26;28
21;74
31;61
92;80
94;60
62;60
40;31
30;46
10;53
35;37
80;63
98;17
50;37
95;79
18;30
94;21
71;47
64;61
14;85
98;48
60;95
46;14
37;69
94;38
26;25
42;53
85;33
28;85
71;36
92;68
80;24
35;30
52;61
18;85
40;66
41;42
48;10
50;30
23;64
22;85
67;71
50;63
68;11
65;74
63;20
68;14
22;24
70;64
70;65
93;13
74;16
47;82
64;22
35;85
31;91
48;74
15;39
30;42
60;68
92;33
26;20
85;15
30;52
46;30
37;71
25;84
64;98
39;20
42;54
11;37
26;94
95;52
63;71
60;33
98;54
66;97
63;70
37;16
40;63
15;65
62;94
24;65
30;69
50;40
10;64
68;85
92;83
15;10
14;60
60;15
31;76
34;64
11;85
30;53
42;64
84;79
22;46
97;19
15;74
28;21
54;98
73;34
35;46
95;53
37;64
52;45
16;18
50;46
97;18
84;60
49;94
72;14
76;30
36;71
69;30
93;63
34;74
84;21
64;11
20;91
84;28
64;14
71;16
31;84
53;64
42;74
84;38
21;90
23;97
94;39
17;98
63;62
64;84
85;66
16;13
46;60
93;50
85;14
47;65
60;93
40;46
50;42
91;22
94;34
46;21
31;73
25;47
96;14
40;12
50;52
31;50
53;74
79;97
11;46
97;31
68;60
85;37
30;34
92;66
28;94
84;20
68;21
74;68
30;65
68;28
14;72
97;23
22;48
64;85
94;10
23;22
84;94
85;30
97;66
10;97
95;64
92;37
71;62
63;80
40;42
42;35
65;31
36;62
26;80
85;24
48;31
37;35
50;53
30;74
60;37
92;30
65;23
51;68
20;84
65;55
63;68
27;90
93;47
65;66
74;15
68;20
21;84
93;36
60;30
61;37
31;47
72;79
21;63
74;22
54;85
42;27
68;94
65;92
68;48
37;61
39;68
62;68
11;94
31;36
11;48
22;39
31;60
94;26
15;13
61;30
84;39
68;70
25;71
41;35
64;60
94;33
63;15
81;79
85;79
73;18
37;22
17;85
93;82
15;31
64;21
55;61
64;28
23;11
30;35
44;68
48;63
70;67
50;34
13;39
28;10
37;91
15;23
65;24
16;40
60;40
18;10
69;48
24;23
39;15
50;64
50;65
23;84
92;79
85;21
27;92
44;41
71;61
44;43
68;39
94;27
22;74
11;39
93;81
27;84
90;91
60;46
47;90
35;74
79;84
28;80
73;31
12;97
64;20
20;47
31;94
50;74
47;91
97;12
74;14
13;10
79;96
71;22
46;10
64;17
33;18
64;94
64;48
26;93
15;63
13;74
31;70
24;63
42;11
46;74
30;90
61;60
94;13
20;28
28;26
30;91
68;10
81;94
34;84
64;70
16;42
37;11
60;42
84;68
97;42
22;26
34;63
73;67
74;30
62;31
84;26
48;12
94;31
82;94
18;33
37;84
53;11
84;33
91;60
68;95
94;23
34;73
33;31
34;50
51;37
54;17
68;80
63;37
50;35
47;92
94;66
42;50
20;20
44;45
26;37
37;73
36;76
64;39
60;48
48;42
37;50
14;18
80;27
51;30
63;30
85;54
20;94
41;11
66;94
16;53
47;84
70;36
28;18
39;37
62;37
65;82
31;62
30;92
85;39
30;67
63;85
23;28
53;50
80;22
33;92
45;50
15;12
40;35
68;33
66;70
39;30
35;18
62;30
26;85
94;63
21;71
91;20
42;51
85;34
80;91
36;84
48;69
30;84
23;25
24;47
83;79
74;79
92;39
30;63
64;10
39;85
85;65
28;93
10;47
94;24
14;31
12;14
50;91
27;25
71;50
84;93
85;10
30;73
23;20
34;36
18;31
36;50
74;21
30;50
17;54
74;28
92;65
64;95
42;36
66;39
28;23
10;28
48;71
84;31
23;94
60;34
35;31
11;18
40;22
37;36
52;95
22;23
37;60
63;46
31;68
60;65
84;23
48;16
97;64
97;65
26;79
51;60
63;60
31;97
37;28
80;92
64;68
90;47
70;70
79;94
42;25
46;31
63;21
31;33
45;60
22;92
68;44
91;39
30;51
68;93
15;53
62;46
94;49
90;36
52;68
11;13
13;23
27;71
94;12
55;60
37;25
16;74
65;64
79;72
84;37
69;18
74;17
50;92
95;51
79;70
83;94
68;31
85;26
28;63
74;48
46;66
90;28
42;20
48;64
10;94
93;22
31;15
22;63
30;47
26;42
44;79
17;74
68;23
84;30
13;92
37;20
68;55
50;84
11;23
64;15
71;60
30;36
68;66
20;80
15;16
92;26
36;60
62;42
34;71
47;25
49;49
67;70
37;94
71;21
71;28
84;24
71;38
51;94
63;94
40;67
36;38
63;48
40;11
50;73
14;40
76;31
68;37
20;68
69;31
94;82
46;63
66;68
50;50
42;16
71;25
37;70
28;40
85;27
47;20
97;35
85;18
22;40
39;94
15;64
68;30
91;80
31;93
66;33
12;28
35;40
14;46
47;81
71;20
92;27
31;45
14;12
64;93
53;16
28;46
74;34
47;71
68;24
28;12
25;85
40;50
91;68
23;95
18;12
20;15
64;31
69;37
66;15
50;51
23;80
36;94
98;64
81;93
46;40
63;39
52;31
64;23
31;14
93;84
74;10
82;93
42;62
85;31
64;55
30;71
14;42
79;95
64;66
36;70
23;68
92;13
33;71
68;40
28;42
63;34
79;80
37;62
81;23
23;26
11;40
85;23
31;37
13;12
60;91
12;94
50;36
22;42
46;12
81;66
92;31
64;37
35;42
80;25
31;30
45;62
68;46
92;23
20;93
79;26
91;83
66;93
60;31
94;64
62;64
48;22
62;65
94;65
31;85
65;91
18;69
13;42
23;15
66;31
80;20
15;97
46;42
52;30
10;68
46;52
38;84
60;55
37;80
25;28
51;95
61;31
85;63
66;23
23;83
68;42
34;97
30;62
66;66
10;41
68;52
11;42
42;97
61;55
60;92
37;68
67;43
97;11
92;63
42;41
91;31
22;71
73;35
79;83
20;37
42;43
66;37
37;33
15;22
10;15
79;98
91;23
50;71
24;22
60;63
23;93
93;60
55;68
31;46
91;66
40;20
42;15
66;30
25;94
74;18
47;68
93;28
45;41
19;97
64;46
60;73
37;15
42;22
48;11
70;76
20;85
14;64
11;53
66;85
53;61
20;24
65;84
79;93
66;24
91;37
28;64
52;46
93;25
21;85
71;68
84;34
23;66
53;15
36;68
22;64
96;79
71;26
85;12
82;79
83;13
74;13
84;64
84;65
83;93
91;30
30;97
35;64
40;16
14;74
71;33
79;23
65;50
93;20
67;44
64;42
47;15
23;37
28;74
74;31
38;36
66;40
18;74
48;50
60;51
52;42
41;15
67;31
34;45
30;61
50;62
83;23
52;52
46;64
42;45
37;93
15;11
74;55
26;90
70;30
68;34
30;15
31;48
94;22
63;93
20;46
66;46
12;41
23;85
68;64
68;65
23;24
51;31
65;51
24;84
63;31
11;64
74;37
42;14
54;42
39;13
64;53
39;93
10;37
63;23
37;66
27;85
14;35
67;37
12;15
37;14
21;21
16;28
79;85
63;55
92;82
21;28
55;31
19;45
80;68
15;50
39;31
65;47
68;74
26;23
73;14
74;63
18;35
11;74
93;39
67;30
65;36
39;23
41;45
65;60
36;93
44;44
61;52
48;36
10;85
64;54
31;39
39;66
14;19
38;71
48;60
71;31
35;97
25;80
26;92
34;85
23;79
30;45
36;31
37;30
70;79
30;76
28;27
92;81
31;34
71;23
85;16
51;63
41;14
20;48
46;35
66;48
60;53
73;50
37;85
94;11
69;74
71;66
31;65
37;24
16;94
64;34
21;94
50;61
23;21
84;27
45;30
28;22
21;48
25;26
30;14
63;24
10;40
40;68
90;30
55;30
94;84
64;64
62;84
64;65
68;35
67;40
55;63
28;90
16;71
61;53
50;15
39;63
60;71
62;63
47;30
15;47
71;37
36;37
27;28
40;41
33;84
22;91
48;20
31;74
85;64
74;46
65;94
15;60
97;16
40;43
84;91
74;12
93;80
10;46
71;30
94;50
62;50
67;46
64;74
